{"branches": 23.170731707317074, "coverage": 28.576449912126538}