{"branches": 24.050632911392405, "coverage": 28.809355067328134}